lp,Kod towaru,nazwa towaru,jm,stan początkowy,przychód,rozchód,stan końcowy,stan rzeczywisty,ilość przeterminowanych
1,O-K-ZA41301-02,"PrePack GSH Purose 4FF, 5x5mL",szt,1,0,1,0,1,
2,O-K-ZA41002-02,"PrePack Ni-NTA Purose 6FF, 5x5mL",szt,0,0,0,0,0,
3,O-K-ZA20502-02,"PrePack SP Purose 6FF, 5x5mL",szt,1,0,1,0,0,
4,O-K-ZA20302-02,"PrePack Q Purose 6FF, 5x5mL",szt,1,0,1,0,0,
5,O-K-ZA20202-02,PrePack DEAE Purose 6FF 5x5ml,szt,1,0,0,1,0,
6,O-K-Z4750-100G,"Zinc sulfate heptahydrate, 100g, Sigma Aldrich, Z4750",szt,0,1,0,1,0,
7,O-K-Z0251-100G,"Siarczan cynku siedmiowodny, 100g, Sigma-Aldrich, Z0251-100G",szt,0,0,0,0,0,
8,O-K-W373011-1 00G-K,"L-RHAMNOSE, Natural Sourced, 99%, 100g, Sigma- Aldrich, W373011-100G-K",szt,0,1,0,1,1,
9,O-K-W331902-1 00G-K,"L-Proline 99%, FCC, FG, 100g, Sigma-Aldrich, W331902-100G-K",szt,0,1,0,1,1,
10,O-K-V44001,"pBAD/myc-His A,B,C Kit, part no. 45-0376, Invitrogen, V44001",szt,0,1,1,0,0,
11,O-K-TEV-Sap-R,Starter TEV-Sap-R,szt,0,0,0,0,0,
12,O-K-TEV-Sap-F,Starter TEV-Sap-F,szt,0,0,0,0,0,
13,O-K-TCEP25,"TCEP-HCL Tris, 25g, Goldbio, TCEP25",szt,48,176,204,20,53,
14,O-K-TCEP100-IN T,"TCEP-HCl, 100g, GoldBio, TCEP100-INT",szt,0,27,27,0,0,
15,O-K-T9531-100G,"D-(+)-Trehalose dihydrate from Saccharomyces cerevisiae, 100g, Sigma, T9531-100G",szt,0,1,1,0,0,
16,O-K-T8250-5G,"D-Threonine, 5G, Sigma-Aldrich, T8250",szt,0,1,0,1,1,
17,O-K-T7875-100G,"Triourea, 100g, Sigma Aldrich, T7875",szt,0,1,0,1,1,
18,O-K-T5130-25G,"TAPS, 25g",szt,0,0,0,0,0,
19,O-K-T4-Sap-R,Starter T4-Sap-R,szt,0,0,0,0,0,
20,O-K-T4-Sap-F,Starter T4-Sap-F,szt,0,0,0,0,0,
21,O-K-T4625-5G,"Thiamine hydrochloride, 5g, Sigma Aldrich, T4625",szt,0,1,1,0,0,
22,O-K-T4625-100G,"Thiamine hydrochloride, reagent grade, 100g, Sigma Aldrich, T4625-100G",szt,0,1,0,1,1,
23, O-K-T0254-5G           ,"L-Tryptophan, Reagent Grade, 5G, Sigma-Aldrich, T0254",szt ,0,1,0,1,1,
24,O-K-STS0007-10 0ML,"ECOSURF SA-9, 100ml, Sigma-Aldrich, STS0007-100ML",szt,0,0,0,0,0,
25,O-K-starter,Starter,szt,0,0,0,0,0,
26,O-K-SM1303,"Orangeruler 5bp, RTU",szt,0,0,0,0,0,
27,O-K-SM0313,"GeneRuler 1kb DNA Ladder, ready-to-use, 5x50ug, ThermoScientific, SM0313",op,0,2,0,2,2,
28,O-K-SM0101,"Lambda DNA/HindIII Marker 2, 5x50ug, ThermoScientific, SM0101",szt,0,15,3,12,7,
29,O-K-SD0061,"pUC19 DNA, 50ug, Thermofisher, SD0061",szt,0,5,5,0,1,
30,O-K-SB02,"TMB Stabilized Chromogen Biosource™, 1L, Life Technologies, SB02",szt,0,1,1,0,0,
31,O-K-SAA305.1,Sodium acetate trihydrate,szt,1,0,1,0,0,
32,O-K-S5761-500G,"Sodium bicarbonate, 500g, Sigma Aldrich, S5761",szt,0,1,0,1,1,
33,O-K-S5261-25G,"Selenin sodu, 25g, Sigma-Aldrich, S5261-25G",szt,0,0,0,0,0,
34,O-K-S2626-1G,Spermidine Free Base 1G,szt,0,0,0,0,0,
35,O-K-S2002-100G,"Sodium azide, 100g, Sigma Aldrich, S2002",szt,0,1,1,0,1,
36,O-K-S1876-5K,"D-Sorbitol, 5kg, Sigma-Aldrich, S1876-5KG",szt,0,1,1,0,0,
37,O-K-S1876-1KG,"D-Sorbitol, 1kg, Sigma Aldrich, S1876",szt,0,2,2,0,0,
38,O-K-S1876-10K G,"D-Sorbitol, 10kg, Sigma-Aldrich, S1876-10KG",szt,1,0,1,0,1,
39,O-K-S0876-500G,"Sodium phosphate dibasic, 500g, Sigma Aldrich, S0876-500G",szt,0,0,0,0,0,
40,O-K-S0266-1G,"Spermidine, 1g, Sigma, S0266-1G",szt,0,1,0,1,1,
41,O-K-S-0023-5KG,"Pepton Tryptone, 5kg, BTL, S-0023",szt,0,12,12,0,0,
42,O-K-S0023-1KG,"PEPTON TRYPTONE, 1KG, BTL, S0023",szt,0,60,60,0,0,
43,"O-K-S0023,5KG","PEPTON TRYPTONE,5KG,BTL,S002 3",szt,0,29,29,0,0,
44,O-K-S-0023,"Pepton Tryptone 0,5kg, BTL, S-0023",szt,10,80,81,9,9,
45,O-K-S0023,"Pepton Tryptone, 1kg, BTL, S-0023",szt,0,126,126,0,0,
46,O-K-S-0003-5KG,"Ekstrakt drożdzowy, 5kg, BTL, S-0003",szt,0,44,44,0,0,
47,O-K-S0003-5KG,"EKSTRAKT DROŻDŻOWY,5K,BTL,S0003",szt,0,54,54,0,0,
48,O-K-S-0003,"Ekstrakt drożdżowy, 0,5kg, BTL, S-0003",szt,12,294,287,19,18,
49,O-K-S0003,"Ekstrakt drożdżowy, 1kg, BTL, S-0003",szt,0,247.5,247.5,0,0,
50,O-K-RUB123.25,Rubidium chloride 25g,szt,1,0,1,0,0,
51,O-K-Rna2,"Rna2, Sigma-Aldrich",szt,0,0,0,0,0,
52,O-K-Rna1,"RNa1, Sigma-Aldrich",szt,0,0,0,0,0,
53, O-K-Rev_EM72_ Hyg1,Starter Rev_EM72_Hyg1, szt,0,0,0,0,0,
54,O-K-R6625-25G,"Ribonucleic Acid type VI, Sigma-Aldrich, 25g, R6625-25G",szt,0,0,0,0,0,
55,O-K-R4334566-B C,"Universal RNA- Mouse Normal Tissues, 4x100ug, BioCat, R4334566-BC",szt,0,1,0,1,1,
56,O-K-R0712S,"BspQI, recombinant, 500U",szt,0,0,0,0,0,
57,O-K-R0611,"6X DNA Loading Dye, 5x1ml, ThermoScientific, R0611",op,0,2,0,2,1,
58,O-K-R0569S,"SapI recombinant Enzyme, 250 units, NEB BioLabs, R0569S",szt,0,1,1,0,0,
59,O-K-R0481,"NTP Set, 100MM Solution, 4x25umol, Thermoscientific, R0481",szt,0,1,0,1,1,
60,O-K-R0144S,"BglII recombinant Enzyme, 2.000 units, NEB BioLabs, R0144S",szt,0,1,1,0,1,
61,O-K-R0138T,"enzym SalI, 2000U",szt,0,0,0,0,0,
62,O-K-R0138S,"Sall, recombinant, 2000U, Lab-JOT, R0138S",szt,0,0,0,0,0,
63,O-K-R0136S,"BamHI recombinant, 10000U, Lab-JOT, R0136S",szt,0,0,0,0,0,
64,O-K-R0104S,"HindIII recombinant Enzyme, 10.000 units, NEB BioLabs, R0104S",szt,0,1,1,0,1,
65,O-K-Pwo2Q93,starter do polimerazy Phusion,szt,0,0,0,0,0,
66,O-K-Pwo1Q93A,starter do polimerazy Phusion,szt,0,0,0,0,0,
67,O-K-PS31500,LB Broth 500g,szt,13,0,7,6,4,
68,O-K-ProtK_Glyou t,"Starter, ProtK_Glyout, Sigma-Aldrich",szt,0,0,0,0,,
69,O-K-PR033,"Linear Acrylamide (5 x 2ml, 5mg/ml),10ml, OMEGA, PR033",szt,0,0,0,0,,
70,O-K-PP-410S,"DNase Detection Kit, 100 reactions, Jena Bioscience, PP-410S, order. 92362",szt,0,3,1,2,2,
71,O-K-plec2,"Plec2, strater, Sigma-Aldrich",szt,0,0,0,0,0,
72,O-K-Plec1,"Plec1, Starter. Sigma-Aldrich",szt,0,0,0,0,0,
73,O-K-PIERN301,"TMB SUBSTRATE SOLUTION, 100ml, Thermo, PIERN301",szt,4,0,3,1,2,
74,O-K-PIERA3955 2,"Pierce Chromogenic Endotoxin Quant Kit, 60 reacts, ThermoScientific, PIER-A39552",szt,1,0,1,0,1,
75,O-K-PHE510,"Phenol, Saturated pH 6.6/7.9",szt,0,0,0,0,1,
76,O-K-pD915seq-F,pD915seq-F starter,szt,0,0,0,0,,
77,O-K-pD864-SR,"pD864-SR, ATUM",szt,1,0,0,1,,
78,O-K-pD454seq-R,pD454seq-R starter,szt,0,0,0,0,,
79,O-K-pD454-HMB P,"pD454-HMBP: T7-HisMBP-ORF, Ecoli-ElecD, 10rx, ATUM, pD454-HMBP",szt,1,0,0,1,,
80,O-K-pD451-SR,"DNA Plasmid pD451-SR:T7-sRBS-ORF,Ecoli-ElecD, ATUM, pD451-SR",szt,0,1,0,1,,
81,O-K-pD434-SR,"pD434-SR: T70sRBS-ORF, Ecoli-ElecD, 10rx, ATUM,pD434-SR",szt,1,0,0,1,,
82,O-K-pD1841,"pD1841, ATUM",szt,1,0,0,1,,
83,O-K-pD1831seq F,pD1831seqF starter,szt,0,0,0,0,,
84,O-K-pD1821,"pD1821:PhoA-ORF, Ecoli-ElecD, 10rx, ATUM, pD1821",szt,1,0,0,1,,
85,O-K-PCR-390S,"Saphir Bst 2.0 Turbo Polymerase, 2000 Units, Jena Bioscience,
PCR-390S",szt,0,1,0,1,0,
86,O-K-PCR-379,"EvaGreen (R) Fluorescent DNA Stain, 500ul (100uM),
Jena Bioscience, PCR-379",szt,0,1,0,1,0,
87,O-K-PB06-5000,"Ekstrakt drożdżowy, 5kg",szt,3,0,3,0,0,
88,O-K-PB06-500,yeast extract 500g,szt,0,0,0,0,0,
89,O-K-PB02-5000,"Trypton, 5kg",szt,0,0,0,0,0,
90,O-K-PB 06 5KG,yeast extract mikrogranulat 5kg,szt,0,0,0,0,0,
91,O-K-PB 02-500,TRYPTONE 500g,szt,0,0,0,0,0,
92,O-K-PA-03-4420- E,"Ekstrakt drożdżowy, 1kg, Pol-Aura, PA-03-4420-E",szt,4,0,0,4,4,
93,O-K-P9641-50G,"NONAETHYLENE GLYCOL MONODODECYL ETEHR, 50G, Sigma-Aldrich, P9641-50G",szt,0,0,0,0,,
94,O-K-P9416-100M L,"TWEEN 20, 100ml, Sigma Aldrich, P9416",szt,0,2,1,1,0,
95,O-K-P7626-25G,"Phenylmethanesulfonyl fluoride, 25G, SIGMA-ALDRICH, P7626-25G",szt,0,2,2,0,0,
96,O-K-P5958-1KG,"Potassium hydroxide Bioxtra, 1kg, Sigma-Aldrich, P5958",szt,0,12,5,7,7,
97,O-K-P5379-100G,"Potassium phosphate monobasic, 100g, SigmaAldrich, P5379-100G",szt,0,1,1,0,0,
98,O-K-P3504-10G,"Ponceau S Sodium Practical Grade, 10G, Sigma-Aldrich, P3504",szt,0,1,0,1,1,
99,O-K-P17008-5G,"L-Phenylalanine, 5G, Sigma-Aldrich, P17008",szt,0,1,0,1,1,
100,O-K-P0704S,"PNGase F - 15.000 units, 500,000U/ml, NEB BioLabs, P0704S",szt,0,1,0,1,0,
101,O-K-OriRev starter,"OriRev Starter, Sigma-Aldrich",szt,0,0,0,0,0,
102,O-K-OriFor starter,"OriFor Starter, Sigma-Aldrich",szt,0,0,0,0,0,
103,O-K-oligo-2020-2 505,"Oligos AOX_term_3, ProtK_Glyout, ProtK_End_Glyin, AOX_term_2",szt,0,0,0,0,0,
104,O-K-NU-1023S,"dNTP Mix - 25mM Solution,",szt,0,1,0,1,1,
105, O-K-NN-MSH-DPAR-002                      ,"Chloramin T proszek, 6kg, Schulle, NN-MSH-DPAR-002",szt ,0,1,0,1,0,
106,O-K-N6386-5G,"Neomycin trisulfate salt hydrate, 5g, Sigma, N6386",szt,0,1,1,0,0,
107,O-K-N2611,"RNasin Plus RNase Inhibitor, 2500U, Promega, N2611",szt,1,0,1,0,,
108,O-K-N2515,Recombinant RNasin RNase Inhibitor 10 000U,szt,0,0,0,0,,
109,O-K-N2511,Recombinant RNasin RNase Inhibitor 2500U,szt,0,0,0,0,,
110,O-K-N2111,"RNasin(R) RNase Inhibitor, 2500U, Promega, N2111",szt,1,0,1,0,,
111,O-K-MAN222.25 0,Manganese chloride 250g,szt,1,0,1,0,0,
112,O-K-M4125-100 G,"D-Mannitol, 100g, Sigma-Aldrich, M4125-100G",szt,0,2,1,1,1,
113,O-K-M3148-500,"2-mercapthoethanol, 500 ml",szt,0,0,0,0,0,
114,O-K-M0537L,"Bst 2.0 DNA Polymerase - 8.000U/ml, NEB BioLabs, M0537L",szt,0,1,0,1,,
115,O-K-M0323S,"LongAmp Taq DNA Polymerase, 500units, Lab-JOT, M0323S",szt,0,0,0,0,0,
116,O-K-M0314S,"RNase inhibitor, Murine, 3000U",szt,0,0,0,0,,
117,O-K-M0282S,"APE 1,  10000U/ml, 1000 units, BioLabs, M0282S",szt,0,0,0,0,,
118,O-K-M0269S,"Phi29 DNA Polymerase, recombinant, 250U",szt,0,0,0,0,,
119,O-K-M0251S,"T7 RNA Polymerase - 5.000 units, 50.000U/ml, NEB BioLabs, M0251S",szt,1,1,1,1,1,
120,O-K-M0239S,Ligaza RNA T4 2 (dsRNA ligaza),szt,0,0,0,0,,
121,O-K-M0239L,T4 RNA Ligaza 2 (dsRNA Ligaza),szt,0,0,0,0,,
122,O-K-LS-3405.01 00,"TCEP * HCl, 100g, Iris Biotech, LS-3405.0100",szt,1,0,1,0,0,
123,O-K-LLG-620450 5,"Roztwór buforowy, Duracal pH7.00, 250ml, Witko, LLG-6204505",szt,0,1,1,0,0,
124,O-K-Linker2aR,"Linker2aR, starter, 1szt, Sigma-Aldrich, Linker2aR",szt,0,0,0,0,,
125,O-K-Linker2aF,"Linker2aF, starter, 1szt, Sigma-Aldrich, Linker2aF",szt,0,0,0,0,,
126,O-K-Lb4,"Lb4, Starter, Sigma-Aldrich",szt,0,0,0,0,,
127,O-K-La2,"La2, Starter, Sigma-Aldrich",szt,0,0,0,0,,
128,O-K-La1,"La1, Starter, Sigma-Aldrich",szt,0,0,0,0,,
129,O-K-L8000-25G,"L-Leucine, Reagent Grade, 25G, Sigma-Aldrich, L8000",szt,0,1,0,1,1,
130,O-K-L5501-1G,"L-Lysine, 1G, Sigma-Aldrich, L5501-1G",szt,0,1,0,1,1,
131,O-K-I2752-5G,"L-Isoleucine, Reagent Grade, 5G, Sigma-Aldrich, I2752",szt,0,1,0,1,1,
132,O-K-Haz-nat-R,starter Haz-nat-R,szt,0,0,0,0,,
133,O-K-Haz-nat-F,starter Haz-nat-F,szt,0,0,0,0,,
134,O-K-HA1218894 3,starter Pfu-Neq-pET 15-R2,szt,0,0,0,0,,
135,O-K-HA1218894  2,starter Pfu-Neq-F2,szt,0,0,0,0,,
136,O-K-HA1218894 1,starter Pfu-Neq-R1,szt,0,0,0,0,,
137,O-K-HA1218894 0,starter Pfu-pET15-F1,szt,0,0,0,0,,
138,O-K-HA1198680 0,starter polPhusion Kam_SalHisR,szt,0,0,0,0,,
139,O-K-HA1198679 9,starter polPhusion Kam_F2,szt,0,0,0,0,,
140,O-K-HA1198679 8,Starter polPhusion Kam_Ndel_F,szt,0,0,0,0,,
141,O-K-HA1192230 0,starter NeqSSB-Sal-454R,szt,0,0,0,0,,
142,O-K-HA1192229 9,starter NeqSSB-Nde-454F,szt,0,0,0,0,,
143,O-K-HA1192229 8,starter Sso7d-Sal-R,szt,0,0,0,0,,
144,O-K-HA1192229 7,starter Sso7d-F2,szt,0,0,0,0,,
145,O-K-HA1192229 6,starter Sso7d-NdeI-F,szt,0,0,0,0,,
146,O-K-HA1192229 5,starter NeqSSB-Sal-R,szt,0,0,0,0,,
147,O-K-HA1192229 4,starter NeqSSB-Nde-F,szt,0,0,0,0,,
148,O-K-HA1192229 3,starter Pfu-Nde-Sal-R,szt,0,0,0,0,,
149,O-K-HA1192229 2,starter Pfu-Bsp-F,szt,0,0,0,0,,
150,O-K-HA0997858 2,pD1921seq-R starter,szt,0,0,0,0,,
151,O-K-HA0997858 1,pD1921seq-F starter,szt,0,0,0,0,,
152,O-K-HA0997858 0,GST-Sap-Sap-R starter,szt,0,0,0,0,,
153,O-K-HA0997857 9,GST-Sap-Sap-F starter,szt,0,0,0,0,,
154,O-K-H9003-100 G,"Hydroquinone, 100g, Sigma-Aldrich, H9003-100G",szt,1,0,0,1,1,
155,O-K-H8000-5G,"L-Histidine, Reagent Plus, 5G, Sigma-Aldrich, H8000",szt,0,1,0,1,1,
156,O-K-H2625-100 G,"Hemoglobin Bovine,100g, Sigma-Aldrich, H2625-100G",szt,0,0,0,0,2,
157,O-K-GST-Sap-FL,GST-Sap-FL,szt,0,0,0,0,,
158,O-K-GST-NcoF-SalR,Oligonukleotydy Nco-F Sal-R,szt,0,0,0,0,,
159,O-K-GPK003001,"Proteinase K, 1g",szt,0,0,0,0,,
160,O-K-GLICERYNA,"Gliceryna, 1 l",szt,0,0,0,0,0,
161,O-K-G8898,"Glycine, 500g, Sigma Aldrich, G8898",szt,0,1,1,0,0,
162,O-K-G5767-500 G,"D-(+)-glukoza, 500g, Sigma Aldrich, G5767-500G",szt,0,0,0,0,0,
163,O-K-G4376-100 G,"L-Glutation oxidized, 100g, Sigma-Aldrich, G4376-100G",szt,1,7,6,2,2,
164,O-K-Fwd_EM72_ Hyg2,starter Fwd_EM72_Hyg2,szt,0,0,0,0,,
165,O-K-Fwd_EM72_ Hyg1,starter Fwd_EM72_Hyg1,szt,0,0,0,0,,
166,O-K-F8263-1KG,"Iron (II) sulfate heptahydrate, 1 kg",szt,0,0,0,0,0,
167,O-K-F5881-10ML      ,"Freund’s Adjuvant Complete, 10ml, Sigma Aldrich, F5881",,0,1,1,0,,
168,O-K-F5506-10ML,"Freund's adjuvant incomplete, 10ml, Sigma Aldrich, F5506",szt,0,1,1,0,,
169,O-K-EZS/525,"EZTest Steam G. stearothermophilus, 1szt, Sterbios, EZS/525",szt,13,0,1,12,0,
170,O-K-ER1931,"LGUI (SAPI), 1szt, Thermo, ER1931",szt,0,0,0,0,,
171,O-K-EP0742,"Maxima Reverse Transcriptase, 10000U, Thermo Scientific, EP0742",szt,0,1,0,1,1,
172,O-K-EP0691,"Bsm DNA Polymerase, Large Fragment 1600U (8 U/µL), 200uL, Thermofisher, EP0691",szt,0,2,0,2,1,
173,O-K-EP0111,"T7 RNA Polymerase 5000U, 20U/ul, Thermoscientific, EP0111",szt,0,1,1,0,0,
174,O-K-EP0092,Phi29 DNA polymerase,szt,0,0,0,0,,
175,O-K-EO0381,RiboLock RNase Inhibitor 2500U,szt,0,0,0,0,2,
176,O-K-EK0031,T4 Polynucleotide kinase,szt,0,0,0,0,,
177,O-K-EC-R3,"Starter EC-R3, Sigma-Aldrich",szt,0,0,0,0,,
178,O-K-Ecoll-R1OO O,starter do polimerazy Phusion,szt,0,0,0,0,,
179,O-K-Ecoli-R2000,starter do polimerazy Phusion,szt,0,0,0,0,,
180,O-K-EC-F3,"Starter EC-F3, Sigma-Aldrich",szt,0,0,0,0,,
181,O-K-E2440-01,XhoI,szt,0,0,0,0,,
182,O-K-E2430-01,XbaI,szt,0,0,0,0,,
183,O-K-E2390-01,SmaI,szt,0,0,0,0,,
184,O-K-E2296-01,NotI,szt,0,0,0,0,,
185,O-K-E2293-01,NdeI,szt,0,0,0,0,,
186,O-K-E2292-01,NcoI,szt,0,0,0,0,,
187,O-K-E22064,"EnzCheck Reverse Transcriptase Assay Kit, 1000 assays, Invitrogen by Thermo Fischer, E22064",szt,0,1,1,0,0,
188,O-K-E2160-01,EcoRV,szt,0,0,0,0,,
189,O-K-E2150-01,EcoRI,szt,0,0,0,0,,
190,O-K-E2006,"Femto Bacterial DNA Quantification Kit, 100 Rxns, Zymoresearch, E2006",szt,0,1,0,1,,
191,O-K-E1014-5KU,"Benzonase nuclease, Recombinant, 1szt, Sigma-Aldrich, E1014-5KU",szt,0,0,0,0,0,
192,O-K-E1014-25KU,"Benzonase® Nuclease recombinant, 250 units/µL, Sigma-Aldrich, E1014-25KU",szt,0,1,1,0,0,
193,O-K-D4263-1VL,"Deoxyribonuclease I from bovine pancr, 1szt, Sigma-Aldrich, D4263-1VL",szt,1,0,0,1,0,
194,O-K-D4014,"Clean & Concentrator-5 (200preps), Zymo Research, D4014",szt,0,0,0,0,0,
195,O-K-D4013,"DNA Clean & Concentrator-5 (50preps), Zymo Research, D4013",szt,0,0,0,0,,
196,O-K-D3664-5X1 MG,"Deoxyribonucleic acid sodium from calf, Sigma-Aldrich, 1szt, D3664-5X1MG",szt,1,0,1,0,,
197,O-K-D1816,"Herring Sperm DNA 10mg/ml, 500mg, Promega, D1816",szt,0,3,2,1,,
198,O-K-D1815,"Herring Sperm DNA, 100mg, Promega, D1815",szt,1,2,3,0,,
199,O-K-D1811,"Herring Sperm DNA, 10 mg/ml",szt,0,0,0,0,,
200,O-K-CHMP11137 2607.100,"Amonu Chlorek CZDA, 1kg, Chempur, CHMP111372607.100",szt,0,0,0,0,0,
201,O-K-chloryn sodu 28%,Chloryn sodu 28 % 100 ml,szt,0,0,0,0,0,
202,O-K-C1389-250 G,"Carbenicillin disodium, 250mg, Sigma Aldrich, C1389-250G",szt,0,0,0,0,0,
203,O-K-C0158-1G,"L-Carnitine Inner salt, 1 G",szt,0,0,0,0,,
204,O-K-BIO-98020,"SensiFAST SYBR No-Rox mix, 2x",szt,0,1,0,1,,
205,O-K-BIO-39035,"dUTP, 100 mM, 1szt, Bioline, BIO-39035",szt,1,0,1,0,,
206,O-K-BIO-21046,"IMMOLASE DNA Polymerase, 250 units, BIOLINE, BIO-21046",szt,0,0,0,0,,
207,O-K-BAKR7048. 1000,Hydrogen Peroxide 35%,szt,0,0,0,0,0,
208,O-K-BA8760114,"Kwas octowy lodowaty, 99.9%, czda- basic, 1l, POCH, BA8760114",szt,3,0,1,2,0,
209,O-K-BA1500111,"2-propanol, 5l",szt,0,0,0,0,0,
210,O-K-B9000S,"BSA, Molecular Biology Grade, 12 mg",szt,0,0,0,0,,
211,O-K-B7535-100G,"BIS-TRIS, 100g, Sigma Aldrich, B7535",szt,0,1,1,0,1,
212,O-K-B6891-100M L,"BME VITAMINS,100x, solution, 1szt, Sigma-Aldrich, B6891-100ML",szt,0,0,0,0,0,
213,O-K-B6768-500G,"Kwas borowy, 500g, Sigma-Aldrich, B6768-500G",szt,1,0,1,0,0,
214,O-K-B4501-1G,Biotin,szt,0,0,0,0,,
215,O-K-B4252-250M G,"5-bromo-4-chloro-3-indyl ß-D-galactopyranoside, 250MG, Sigma-Aldrich, B4252",szt,0,1,0,1,,
216,O-K-B3876,"Bicine, 25g, Sigma-Aldrich, B3876",szt,0,2,0,2,2,
217,O-K-ARF-2 starter,"ARF-2 starter, batch:HA11232000",szt,0,0,0,0,,
218,O-K-ARF-1 starter,"ARF-1 starter, batch: HA11231999",szt,0,0,0,0,,
219,O-K-AOX_term_2,"Starter, AOX-term_2, Sigma-Aldrich",szt,0,0,0,0,,
220,O-K-ant-zn-5p,Zeocin (powder) 5g,szt,0,0,0,0,,
221,O-K-ant-hg-5,"Hyromycin B Gold, 5 mg",szt,1,0,1,0,,
222,O-K-AluRev starter,"AluRev Starter, Sigma-Aldrich",szt,0,0,0,0,,
223,O-K-AluFor starter,"AluFor Starter, Sigma-Aldrich",szt,0,0,0,0,,
224,O-K-ALB003.25,"Bovine albumin 25g, BioShop, ALB003.25",szt,1,0,1,0,0,
225,O-K-AB6721,Goat Anti-Rabbit IgG H&L (HRP),szt,0,0,0,0,,
226,O-K-ab65337-10 0,"Free Glycerol Assay Kit, 100 tests, abcam, ab65337-100",op,0,3,1,2,2,
227,O-K-AB100,"Alkaline Phosphatase Blue Microwell Substrate, 100 ml",szt,3,0,1,2,,
228,O-K-AB03-500,Agar bakteriologiczny LAB-AGAR 500g,szt,0,0,0,0,0,
229,"O-K-A9728,0100","L-Arabinose BioChemica, 100g",szt,0,0,0,0,0,
230,O-K-A9518-25G,"Ampicillin sodium salt, 25g, Sigma Aldrich, A9518-25G",szt,0,0,0,0,0,
231,O-K-A7377-5G,"D-Alanine, HPLC, 5G, Sigma-Aldrich, A7377",szt,0,1,0,1,1,
232,"O-K-A7249,1000","SDS grained pure, 1kg, Applichem, A7249,1000",szt,0,1,1,0,0,
233,"O-K-A7153,2500 RF","RNase-ExitusPlus, 2,5l, Apllichem, A7153,2500RF",szt,0,1,0,1,0,
234,"O-K-A7153,1000RF","RNase-ExitusPlus, 1L, Applichem,A7153,1000RF",szt,0,1,1,0,0,
235,"O-K-A7153,0500","RNase-ExitusPlus, 0,5kg, Applichem,A7153,0500",szt,0,1,1,0,0,
236,"O-K-A7089,1000 RF","DNA-ExitusPlus,1L, Applichem, A7089,1000RF",szt,0,1,1,0,0,
237,"O-K-A7089,0500","DNA-ExitusPlus, 500 ml",szt,1,0,1,0,0,
238,O-K-A6426-500g,"Antifoam 204, 500g",szt,0,7,2,5,5,
239,"O-K-A6285,0250","Zinc Chloride for molecular biology, 250g",szt,0,0,0,0,1,
240,"O-K-A6284,0100","Cetyltrimethylammonium Bromide (CTAB), 100g, Applichem, A6284,0100",szt,1,0,0,1,1,
241,O-K-A5633-100G,"Antifoam A Concentrate, 100g, Sigma Aldrich, A5633-100G",szt,1,0,1,0,0,
242,"O-K-A4975,1000","Triton X-100 for molecular biology, 1l, Applichem, A4975,1000",szt,0,6,2,4,5,
243,"O-K-A4975,0500","Triton X-100, 500ml, Applichem, A4975,0500",szt,2,1,2,1,1,
244,"O-K-A4975,0100",Triton X-100 for molecular biology 100 ml,szt,0,0,0,0,0,
245,O-K-A4971.0010,"Lysozyme for molecular biology, 10g, AppliChem, A4972.0010",szt,1,0,1,0,0,
246,"O-K-A4789,0100","Kanamycin Sulfate pure, 100g, Applichem, A4789,0100",szt,0,1,1,0,0,
247,"O-K-A4789,0025","Kanamycin Sulfate pure, pharma grade, 25g",szt,0,0,0,0,0,
248,"O-K-A4425,1000","Magnesium Chloride for molecular biology, 1 kg",szt,0,0,0,0,0,
249,O-K-A41002-08,"Złoże Ni-NTA Purose 6 Fast Flow, 1L, QianchunBio, A41002-08",szt,1,12,10,3,5,
250,O-K-A41002-07,"Złoże Ni-NTA Purpose 6 FF, 500ml, Jiaxing Qianchun Biotechnology Co, A41002-07",szt,1,1,2,0,0,
251,O-K-A39552S,"Pierce Endotoxin Quant 30rxn, Thermo, A39552S",szt,0,0,0,0,,
252,O-K-A39552,"Pierce Chromogenic Endotoxin Quant Kit, 60 tests, Thermo Scientific, A39552",szt,0,2,1,1,,
253,"O-K-A3950,1000","SDS-Solution 10% pure, 1L, Applichem, A3950,1000",szt                             ,0,1,0,1,1,
254,"O-K-A3935,1000","D(+)-Sucrose Biochemica,1kg,AppliChem, A3935,1000",szt,0,2,1,1,0,
255,"O-K-A3871,1000",Potassium hydroxide - pellets BioChemica,szt,0,0,0,0,0,
256,"O-K-A3778,0500","DNase I, 500mg, Applichem, A3778,0500",szt,0,6,4,2,0,
257,"O-K-A3724,1000","HEPES for molecural biology, 1kg, Applichem, A3724,1000",szt,0,6,4,2,1,
258,"O-K-A3724,0250","HEPES for molecular biology, 250g, Applichem, A3724,0250",szt,2,0,1,1,2,
259,"O-K-A3724,0100",HEPES for molecular biology 100g,szt,0,0,0,0,0,
260,O-K-A3699,"Acrylamide/Bis-Acrylamide, 30% Solution, 100ml, Sigma Aldrich, A3699-100ML",szt,0,20,14,6,0,
261,O-K-A3059-50G,"Bovine Serum Albumin, 50g, Sigma-Aldrich, A3059-50G",szt,0,1,0,1,1,
262,"O-K-A3006,0500","Dimethyl Sulfoxide for molecular biology, 500 ml",szt,0,0,0,0,0,
263,"O-K-A2948,0025","DTT for molecular biology, 25g, AppliChem, A2948,0025",szt,1,8,3,6,5,
264,"O-K-A2947,0500","MOPS for molecular biology, 500g, Applichem, A2947,0500",szt,0,0,0,0,0,
265,"O-K-A2942,5000","Sodium Chloride, 5kg, Applichem, A2942,5000",szt,0,9,6,3,0,
266,"O-K-A2942,1kg","Sodium Chloride for molecular biology, 1kg, AppliChem, A2942.1000",szt,0,1,1,0,0,
267,"O-K-A2942,1000","Sodium Chloride for molecular biology,1kg,O-K-A2942,1000,Applichem",szt,0,1,1,0,0,
268,"O-K-A2941,0100","Ammonium Peroxodisulfate (APS) for molecular biology, 100g, Applichem, A2941,0100",szt,0,1,0,1,0,
269,"O-K-A2939,0500","Potassium Chloride for molecular biology, 500g, Applichem, A2939,0500",szt,10,210,178,42,7,
270,"O-K-A2937,0250","EDTA Disodium Salt 2-hydrate, 250g, Applichem, A2937,0250",szt,2,5,3,4,4,
271,"O-K-A2926,2500","Glycerol anhydrous for molecular biology 2,5l",szt,23,260,243,40,3,
272,"O-K-A2926,1000",Glycerol anhydrous for molecular biology 1l,szt,0,0,0,0,0,
273,"O-K-A2264,1000",Tris for molecular biology 1kg,szt,2,6,6,2,3,
274,"O-K-A2239,0500",Nonidet P40 (substitute) Solution 10% peroxide-free,szt,0,0,0,0,0,
275,"O-K-A2203,0500","Polyethylene Glycol 400 BioChemica, 500 ml",szt,1,0,1,0,0,
276,"O-K-A2132,0100","Aprotinin BioChemica, 100mg, Applichem, A2132,0100",szt,0,10,1,9,7,
277,"O-K-A2132,0025","Aprotinin BioChemica,  25mg, Applichem, A2132,0025",szt,0,2,2,0,0,
278,"O-K-A2084,0025","L-Glutathione reduced BioChemica, 25g, Applichem, A2084,0025",szt,0,0,0,0,0,
279,"O-K-A1806,0050","Chloramphenicol BioChemica, 50g, Applichem, A1806,0050",szt,0,1,1,0,0,
280,"O-K-A1742,0100","D(+)-Trehaloze 2-hydrate BioChemica, 100g, Applichem",szt,0,2,2,0,0,
281,"O-K-A1688,0100","L-Alanine pure, pharma grade, 100g, Applichem, A1688,0100",szt,0,2,1,1,1,
282,"O-K-A1531,0025","Sodium Deoxycholate BioChemica,25g,ApplicChe m,A1531,0025",szt,0,1,0,1,1,
283,"O-K-A1499,1000","Guanidine Hydrochloride BioChemica, 1kg, Applichem, A1499,1000",szt,0,12,2,10,3,
284,"O-K-A1492,0005","Gentamycin Sulfate BioChemica,AppliChem,A1492,0005",szt,0,1,0,1,1,
285,O-K-A1379.0500,"Tris for buffer solutions, 0,5kg, AppliChem, A1379.0500",szt,6,0,6,0,0,
286,"O-K-A1379,5000",Tris for buffer solutions 5 kg,szt,0,0,0,0,0,
287,O-K-A1153-250M G,"Aprotinin from bovine lung, 250mg, Sigma Aldrich, A1153-250MG",szt,0,4,3,1,,
288,O-K-A1153-100M G,"Aprotinin from bovine lung, 100mg, Sigma Aldrich, A1153-100MG",szt,0,2,2,0,,
289,"O-K-A1152,0025","Ethidium Bromide Solution 1% BioChemica, 25ml, Applichem, A1152,0025",szt,0,2,0,2,1,
290,"O-K-A1123,2500",Glycerol anhydrous BioChemica,szt,7,86,93,0,0,
291,"O-K-A1108,0100","Mercaptoethanol,100ml, Applichem, A1108,0100",szt,0,0,0,0,0,
292,O-K-A1101.0100,"DTT BioChemica, 100g, Applichem, A1101.0100",szt,1,0,1,0,0,
293,"O-K-A1073,1000","Imidazole for buffer solutions, 1kg, Applichem, A1073,1000",szt,4,12,13,3,1,
294,"O-K-A1067,5000","Glycine for molecular biology, 5kg, Applichem, A1067,5000",szt,0,2,1,1,0,
295,"O-K-A1049,5000","Urea for molecular biology, 5kg, Applichem, A1049,5000",szt,0,10,5,5,3,
296,"O-K-A1049,1000","Urea for molecular biology, 1kg, Applichem, A1049,1000",szt,0,0,0,0,0,
297,"O-K-A0999,0100","PMSF BioChemica, 100g, Applichem, A0999,0100",szt,0,1,1,0,0,
298,"O-K-A0999,0025",PMSF BioChemica 25g,szt,0,1,0,1,1,
299,O-K-A0884-25G,"L-Asparagine, 25G, Sigma-Aldrich, A0884",szt,0,1,0,1,1,
300,"O-K-A0881,0100","DEPC BioChemica, 100ml",szt,0,0,0,0,0,
301,"O-K-A0881,0050","DEPC BioChemica 50ml, Applichem, A0881,0050",szt,0,1,0,1,1,
302,O-K-A0839.0025,"Ampicilin sodium salt, 25g, AppliChem, A0839.0025",szt,5,18,23,0,0,
303,"O-K-A0839,0100","Ampicillin Sodium Salt BioChemica, 100g, Applichem, A0839,0100",szt,1,11,8,4,3,
304,"O-K-A0830,1000","Nonfat dried milk powder, 1kg, Applichem, A0830,1000",szt,0,2,1,1,1,
305,O-K-A01E,"Alkohol etylowy całkowicie skażony, 5L, A01E 99,9% Alpinus, 1160A221220",szt,0,2,0,2,2,
306,O-K-94619-25G,"L-Valine Bioultra, 25G, Sigma-Aldrich, 94619",szt,0,1,0,1,1,
307,O-K-88270,"Pierce High Capacity Endotoxin Removal Resin, 10ml, Life Technologies, 88270",szt,1,0,0,1,1,
308,O-K-855456-5G,"D-Tyrosine, ReagentPlus(R), 5G, Sigma-Aldrich, 855456",szt,0,1,0,1,1,
309,O-K-81709-10G,"L-Proline, 10G, Sigma-Aldrich, 81709",szt,0,1,1,0,0,
310,O-K-817003DE-Pfu-Kam,Synteza genu Pfu-Kam,szt,0,0,0,0,,
311,O-K-817003DE-LigTth,Gen ligazy Tth do ekspresji w E.coli,szt,0,0,0,0,,
312,O-K-817003DE,Gen Taqpol Burza,szt,0,0,0,0,,
313,O-K-810981118,"NaOH, 1 kg",szt,3,0,3,0,0,
314,O-K-80400-100,"PCR Decontamination kit, 100 reakcji",szt,0,0,0,0,,
315,O-K-791776-100 G,"Potassium carbonate, Anhydrous, 100G Sigma-Aldrich, 791776",szt,0,1,0,1,1,
316,O-K-751500111,"2-Propanol (Izopropanol) CZDA, 1l, POCH, 751500111",szt,0,13,0,13,12,
317,O-K-74385-1L,"Nonidet™ P 40 Substitute Bioxtra, mixtured of 15 homologues, 1l, Sigma, 74385",szt,0,3,0,3,3,
318,O-K-74202-50G- F,"Tetramethylammonium chloride for ion pair chromatography, 50 g",szt,0,0,0,0,,
319,O-K-74104,Zestaw Rneasy Mini Kit (50),szt,0,0,0,0,,
320,O-K-70956-3,"Rosetta (DE3) pLysS Competent Cells, 1 kit, Merck Millipore, 70956-3",szt,0,1,0,1,1,
321,O-K-70910-202,"Heat Labile Salt-active Nuclease HL-SAN 25-25K, 25-30U/uL, ArcticZymes AS, 70910-202",szt,0,4,3,1,1,
322,O-K-70691-5,"Ni-NTA His-Bind SuperflowResin, 100m l, Merck Millipore, 70691-5",szt,0,1,0,1,1,
323,O-K-654507-25G,"Chlorek niklu (II), 25g, Sigma-Aldrich, 654507-25G",szt,1,0,1,0,0,
324,O-K-63535-50G- F,"Manganese (II) chloride tetrahydrate, 50 g",szt,0,0,0,0,0,
325,O-K-629771-10G-F,"Lysozyme from hen egg white, Sigma-Aldrich, 629771-10G-F",szt,0,1,0,1,1,
326,O-K-621990110_1L,"Methanol CZDA, 1l, POCH, 621990110",szt,0,10,0,10,10,
327,O-K-528066510,"Sodu podchloryn roztwór 15%, stabilizowany, 1l",szt,0,0,0,0,,
328,O-K-52-0083,"Escherichia coli PCR Quantification Standard, 1szt, MINERVA, 52-0083",szt,1,0,1,0,,
329,O-K-51445C - 1000ML,Dulbecco's Modified Eagle's Medium/ Ham's Nutrient Mixture F12 1l,szt,0,0,0,0,,
330,O-K-51280-1G,"HEMIN, BIOXTRA, FROM PORCINE, >=97%, Sigma- Aldrich, 51280-1G",szt,0,0,0,0,,
331,O-K-49601-100G,"L-Glutamic acid monopotassium salt monohydrate, 100g",szt,0,0,0,0,0,
332,O-K-49419-25G,"L-Glutamine, 25g, Sigma Aldrich, 49419",szt,0,1,0,1,1,
333,O-K-480967-25G,"Molibdenian sodu, 25g, Sigma-Aldrich, 480967-25G",szt,1,0,0,1,0,
334,O-K-471058.161 1,"Sulfuric Acid 95-98% for analysis, 1l, Applichem, 471058.1611",szt,0,1,0,1,1,
335,O-K-45655312,"BabyBio NiMAC, 2ml, Bio-Works, 45655312",szt,0,1,0,1,1,
336,O-K-443320113,"Gliceryna bezwodna 99,5% czda, 1l, POCH, 443320113",szt,3,0,3,0,0,
337,O-K-4312660,TaqMan Control Genomic DNA (DNA ludzkie),szt,1,0,1,0,,
338,O-K-421372606,"Amonu chlorek cz., 500g, Chempur, 421372606",szt,0,2,0,2,,
339,O-K-41003,"GelRed Nucleic Acid Stain, 10.000X in water, 0,5mL, Biotium, 41003",szt,0,1,0,1,,
340,O-K-40651010-1 L,"WorkBeads™40 Ni-NTA, 1l, Bio-Works, 40 651 010",szt,0,1,1,0,0,
341,O-K-40210,"ProteOrange Protein Gel Stain 5000x, 1mL, Lumiprobe, 40210",szt,0,0,0,0,,
342,O-K-40015,"Ethidium Monoazide Bromide (EMA), 5mg, BIOTIUM, 40015",szt,0,2,1,1,,
343,O-K-396420113,"Etylowy alkohol 96% CZDA, 1l, POCH, 396420113",szt,0,16,11,5,3,
344,O-K-331058-5G,"Sodium molibdate dihydrate, 5G, Sigma-Aldrich, 331058",szt,0,1,0,1,1,
345,O-K-331058-100 G,"Sodium molybdate dihydrate, 100g, Sigma Aldrich, 331058",szt,0,1,1,0,0,
346,O-K-324558-100 ML,"Ethylene glycol, anhydrous, 100ml, Sigma-Aldrich, 324558",szt,0,2,0,2,2,
347,O-K-31494,"EZ-Link Maleimide Activated Horseradish Peroxidase Kit, Thermo Fisher Scientific, 31494",szt,0,2,0,2,0,
348,O-K-31489,"EZ-LINK PLUS ACTIVATED PE ROXIDASE KIT, 1szt, Thermo Fisher, 31489",szt,0,1,1,0,0,
349,O-K-303135-5G,"Triton N-101, Reduced, 5g, Sigma Aldrich, 303135-5G",szt,0,1,0,1,1,
350,O-K-30200-25G,"L-Cystine, 25G, Sigma-Aldrich, 30200",szt,0,1,0,1,1,
351,O-K-277908-5G,"Ammonium molybdate, 5G, Sigma-Aldrich, 277908",szt,0,1,0,1,1,
352,O-K-270725-1L,"Acetone, for HPLC, 1l, Sigma-Aldrich, 270725",szt,0,1,0,1,0,
353,O-K-26617,"PageRuler Prestained Protein Ladder 250ul, 1 szt.",szt,0,0,0,0,0,
354,O-K-26616,"PageRuler Prestained Protein Ladder, 2x250uL, ThermoScientific, 26616",szt,0,1,0,1,1,
355,O-K-255564-5G,"L-Ascorbic acid, A.C.S. Reagent, 5G, Sigma-Aldrich, 255564",szt,0,2,0,2,2,
356,O-K-243973-100 G,"Sodium Bisulfite, 100g, Sigma-Aldrich, 243973-100G",szt,1,0,0,1,1,
357,O-K-24136970,"EDTA, disodium salt dihydrate, 1kg, Molekula, 24136970",szt,1,0,0,1,1,
358,O-K-239313-500 G,"Siarczan sodu, 500g, Sigma Aldrich, 239313-500G",szt,0,0,0,0,0,
359,O-K-238318,"Duracal - bufor do kalibracji pH-metru, pH=7,00, 250 ml",szt,0,1,1,0,0,
360,O-K-238317,"Duracal - bufor do kalibracji pH-metru, pH=4,01, 250 ml",szt,0,1,1,0,0,
361,O-K-238223,"DuraCal - bufor do kalibracji pH-metru, pH=10.01, 500 ml, Hamilton, 238223",szt,0,1,1,0,0,
362,O-K-23209,"Bovine Serum Albumin Standard Ampules, 10x1ml, ThermoScientific, 23209",op,0,14,12,2,2,
363,O-K-230245,"Competent Cells BL21-CodonPlus (DE3)-RIL, Agilent Technologies, 230245 SR",szt,0,1,0,1,,
364,O-K-230192 SR,Komórki kompetentne ArcticExpress (DE3),szt,0,0,0,0,,
365,O-K-223530-500G,"Sodium carbonate, 500g, Sigma Aldrich, 223530",szt,0,1,0,1,1,
366,O-K-222011-50G,"Chlorek miedzi (II), 50g, Sigma-Aldrich, 222011-50G",szt,0,0,0,0,0,
367,O-K-217638-100G,"Sodium iodide, 100g, Sigma Aldrich, 217638",szt,0,1,0,1,1,
368,O-K-214485-5G,"Sodium selenite, 5g, Sigma Aldrich, 214485",szt,0,1,0,1,0,
369,O-K-21335,"EZ-Link™ Sulfo-NHS-LC-Biotin Sulfosuccinimidyl-6-(biotina mido) Hexanoate, 100mg, ThermoScientific, 21335",szt,0,1,0,1,0,
370,O-K-213330-500 G,"Chlorek amonu, 500g, Sigma Aldrich, 213330-500G",szt,0,0,0,0,0,
371,O-K-211840010,"Ammonium Iron(III)-Citrate 16.5 -18.5%, 1kg, ThermoFisher, 211840010",szt,1,0,1,0,0,
372,O-K-21124,"Pierce™ Streptavidin Horseradish Peroxidase Conjugate, 2mg, ThermoScientific, 21124",szt,0,1,1,0,,
373, O-K-20228121_100g,"BIS-TRIS, 100g ",szt,1,0,0,1,0,
374,O-K-200172,"Able komórki kompetentne 5 x 0,2 ml",szt,1,0,1,0,,
375,O-K-2.817003DE,Gen PelB-Mvi-His,szt,0,0,0,0,,
376,O-K-19685,Pepton sojowy A3 SC 5 kg,szt,0,0,0,0,1,
377,O-K-191954.161 1,"Dimenthyl Sulfoxide,pharma grade AppliChem,191954.1 611",szt,0,1,0,1,1,
378,O-K-19025,"Plant Peptone E1, 5kg, Organotenie, 19025",szt,0,1,0,1,0,
379,O-K-18265017,"SBCLNG EFF DH5@ Comp. Cells; 2.0ml; (4 x 0,5 ml)",szt,0,0,0,0,,
380,O-K-18080044,"SuperScript III Reverse Transcriptase 10,000U (200U/uL), Invitrogen by Thermo Fisher Scientific, 18080044",szt,0,2,2,0,,
381,O-K-18064014,"SuperScript II Reverse Transcriptase 10,000U (200U/uL), Invitrogen by Thermo Fisher Scientific, 18064014",szt,0,2,2,0,,
382,O-K-17548502,"Capto Chelating, GE, 100ml, 17548502",szt,0,0,0,0,,
383,O-K-17548501,"Capto Chelating, 25ml, Cytiva, 17548501",szt,0,0,0,0,,
384,O-K-17544303,"Złoże CAPTO DEAE, 1l, Cytiva, 17544303",szt,0,1,0,1,,
385,O-K-17-5268-02,Ni Sepharose High Performance 100 ml,szt,0,0,0,0,,
386,O-K-17513201,"Glutathione Sepharose™ 4 Fast Flow, 25mL, Cytiva, 17513201",szt,0,2,1,1,1,
387,O-K1750,alfa-Ketoglutaric acid; 100 g,szt,0,0,0,0,,
388,O-K-17371502,"Capto adhere ImpRes, GE, 100ml, 17371502",szt,0,0,0,0,,
389,O-K-17094801,"Złoże Blue Sepharose 6 Fast Flow, 50ml, Cytiva, 17094801",szt,0,1,1,0,,
390,O-K-17090601,"NHS-activated Sepharose™ 4 Fast Flow, 25mL, Cytiva, 17-0906-01",szt,0,1,0,1,0,
391,O-K-17075605,"Glutatione Sepharose 4B, 100ml, Cytiva, 17075605",szt,0,1,0,1,,
392,O-K-17075601,"Glutathione Sepharose 4B, 10ml, GE, 17075601",szt,0,0,0,0,,
393,O-K-1610747,"4x Laemmli Sample Buffer, 10ml, BIO-RAD, 1610747",szt,0,1,1,0,0,
394,O-K-1610737,"2x Laemmli Sample Buffer, 30ml, BIO-RAD, 1610737",szt,0,1,1,0,0,
395,O-K-15A813.160 9,"Iron (III) Chloride anhydrous, 97% for synthesis, 250mg, AppliChem, 15A813.1609",szt,0,1,1,0,0,
396,O-K-158968-5KG,"Alfa-D-Glucose, 5kg, Sigma Aldrich, 158968",szt,0,8,5,3,0,
397,O-K-14868563,"MOPS, 500g, Molekula, 14868563",szt,0,0,0,0,0,
398,O-K-148105600,"Sodu węglan bezwodny lekki, 500g, Chempur, 148105600",szt,0,2,1,1,1,
399,O-K-147145.1211,"Hydrogen Peroxide 35% pure, 1l",szt,2,2,3,1,1,
400,O-K-144229.121 1,"Guanidine Hydrochloride pure, 1kg, Applichem, 144229.1211",szt,0,13,9,4,3,
401,O-K-142173.121 1,"D(+)-Galactose pure,pharma grade,AppliChem,142173.1211",szt,0,1,0,1,1,
402,O-K-141655.121 1,"tri-Sodium Citrate 2-hydrate, 1000g, Applichem, 141655.1211",szt,1,0,0,1,0,
403,O-K-141532.121 4,"Potassium Sulfate, 5KG, Applichem, 141532.1214",szt,1,0,1,0,0,
404,O-K-141509.121 1,"Potassium di-Hydrogen Phosphate, 1kg, Applichem, 141509.1211",szt,3,44,45,2,2,
405,O-K-141443.121 1,"Nickel (II) chloride 6-hydrate pure, 1000g, Applichem, 141443.1211",szt,0,1,0,1,0,
406,O-K-141404.121 1,"Magnesium Sulfate 7-hydrate, 1kg, AppliChem, 141404.1211",szt,3,11,8,6,5,
407,O-K-141404.121 0,"Magnesium Sulfate 7-hydrate pure, pharma grady, 500g, Applichem, 141404.1210",szt,0,3,3,0,0,
408,O-K-141396.121 1,"Magnesium Chloride 6-hydrate(BP,Ph,EUR.) Pure, pharma grade,1000g,O-K-141396.1211,Applichem.",szt,0,2,1,1,1,
409,O-K-141375.121 1,"Lactose 1-hydrate, 1kg, Applichem, 141375.1211",szt,4,27,27,4,4,
410,O-K-141375.1210,"Lactose 1-hydrate, 500g, Applichem, 141375.1210",szt,0,2,2,0,0,
411,O-K-141375.091 4,"Lactose 1-hydrate, 5kg, Applichem, 141375.0914",szt,0,4,4,0,0,
412,O-K-141341.121 1,"D(+)-Glucose anhydrous pure, pharma grade, 1kg, Applichem, 141341.1211",szt,0,4,4,0,0,
413,O-K-141259.121 0,"Siarczan kobaltu (II) siedmiowodny, 500g, AppliChem, 141259.1210",szt,1,0,1,0,0,
414,O-K-141221.121 0,"Calcium Chloride anhydrous pure, 500g, Applichem, 141221.1210",szt,0,6,2,4,4,
415,O-K-141121.121 4,"Ammonium Chloride,5kg, Applichem, 141121.1214",szt,1,0,1,0,0,
416,O-K-141121.121 1,"Ammonium Chloride, 1kg, AppliChem, 141121.1211",szt,4,8,12,0,0,
417,O-K-141101.121 1,"Aluminimum Sulfate 18-hydrate, 1kg, Applichem, 141101.1211",szt,0,0,0,0,0,
418,O-K-1392GR025,"L-Glutathione reduced for biochemistry ,25g, Neofroxx, 1392GR025",szt,0,0,0,0,,
419,O-K-13752-5G-F,"Penicillin G sodium salt, 5g, Sigma Aldrich, 13752-5G-F",szt,0,0,0,0,1,
420,O-K-131775.121 0,"Octan cynku dwuwodny, 500g, AppliChem, 131775.1210",szt,1,0,1,0,,
421,O-K-131716.121 1,"Sodium Sulfate anhydrous, 1kg, Applichem,",szt,0,0,0,0,0,
422,O-K-131716.121 0,"Sodium Sulfate anhydrous, 500g, Applichem, 131716.1210",szt,0,21,15,6,6,
423,O-K-131687.1211,"Sodium Hydroxide pellets, 1kg, AppliChem, 131687.1211",szt,12,0,8,4,1,
424,O-K-131679.121 1,"di-Sodium Hydrogen Phosphate anhydrous for analysis, 1kg, Applichem, 131679.1211",szt,2,30,32,0,1,
425,O-K-131679.121 0,"di-Sodium Hydrogen Phosphate anhydrous, 500g, Applichem, 131679.1210",szt,0,4,4,0,0,
426,O-K-131679.091 4,"di-Sodum Hydrogen Phosphate anhydrous, 5kg, Applichem, 131679.0914",szt,0,4,4,0,2,
427,O-K-131512.121 1,"di-Potassium Hydrogen Phosphate,1kg, Applichem, 131512.1211",szt,3,1,2,2,1,
428,O-K-131509.121 1,"Potassium di-Hydrogen Phosphate,1kg, Applichem, 131509.1211",szt,1,0,1,0,0,
429,O-K-131413.121 0,"Siarczan manganu (II) jednowodny, 500g, AppliChem, 131414.1210",szt,1,0,1,0,0,
430,O-K-131341.1211,"D(+)-Glucose, 1kg, Applichem, 131341.1211",szt,0,2,1,1,0,
431,O-K-131288.161 1,"DIethylamine for analysis, 1L, Applichem, 131288.1611",szt,0,1,0,1,1,
432,O-K-131127.121 1,"Wodorofosforan diamonu, 1000g, AppliChem, 131127.1211",szt,1,0,1,0,0,
433,O-K-131121.121 1,"Ammonium Chloride for analysis, 1kg, Applichem, 131121.1211",szt,0,2,2,0,0,
434,O-K-131121.121 0,"Ammonium Chloride for analysis, 500g, Applichem, 131121.1210",szt,0,12,12,0,2,
435,O-K-131121.091 4,"Ammonium Chloride for analysis, 5kg, Applichem, 131121.0914",szt,0,3,2,1,0,
436,O-K-131020.121 1,"Hydrochloric Acid 37%, 1L, Applichem, 131020.1211",szt,14,22,29,7,3,
437,O-K-131018.121 0,"Kwas cytrynowy jednowodny, 500g, AppliChem, 131018.1210",szt,0,0,0,0,0,
438,O-K-13002238,"D-(+)- Glucose anhydrous, 5kg, Molekula, 13002238",szt,1,1,2,0,0,
439,O-K-1298,"TEV Protease 10kU, Protean, 1298",szt,1,0,1,0,,
440,O-K-122018.121 0,"Sodium di-Hydrogen Phosphate anhydrous, 500g, Applichem, 122018.1210",szt,5,0,1,4,4,
441,O-K-121512.121 0,"di-Potassium Hydrogen Phosphate, 500g, Applichem, 121512.1210",szt,1,0,0,1,1,
442,O-K-12030733,"L-(+)-Arabinose,100g, Molekula,12030733",szt,1,0,1,0,0,
443,O-K-118748703,"Wapnia chlorek bezwodny czda, 2 kg",szt,1,0,1,0,0,1
444,O-K-118109252_1KG,"Sodu wodorotlenek czda 1 kg, Chempur, 118109252",szt,6,0,5,1,0,
445, O-K-117992300, di-Sodu wodorofosforan bezwodny czda 1 kg,szt,0,0,0,0,0,
446,O-K-117992004,Diwodorofosforan sodu bezwodny czda 1kg,szt,1,0,0,1,0,
447,O-K-117941206,Chlorek sodu czda 1kg,szt,2,0,2,0,0,
448,O-K-117720907,"Sacharoza cz.d.a, 1 kg",szt,0,0,0,0,0,
449,O-K-117431609_ 25,"Potasu jodek czda, 25g",szt,0,0,0,0,0,
450,O-K-117420202,Potasu diwosforan bezwodny cz.d.a 1kg,szt,0,0,0,0,0,
451,O-K-117397402_ 1KG,Potasu chlorek 1 kg,szt,0,0,0,0,0,
452,O-K-116615309,"Mocznik, 5 kg",szt,1,0,1,0,0,
453,O-K-116583101,"Miedzi siarczan 5-hydrat, 250g",szt,0,0,0,0,0,
454,O-K-116219904,Alkohol metylowy cz.d.a. 60l,szt,0,0,0,0,0,
455,O-K-116137800- 1KG,"Magnezu siarczan 7-hydrat cz.d.a, 1 kg",szt,0,0,0,0,0,
456,O-K-116137800_5kg,"Magnezu siarczan 7 hydrat, 5 kg",szt,0,0,0,0,0,
457,O-K-115955307,"Laktoza 1hydrat cz.d.a., 1 kg",szt,2,0,2,0,0,
458,O-K-1158379400 1,"Aprotinin from bovine lung, 100mg, Roche, 11583794001",szt,0,1,1,0,,
459,O-K-115779700_1KG,Kwas trichlorooctowy 1 kg,szt,0,0,0,0,0,
460,O-K-115691508,kwas ortofosforowy roztwór 85% cz.d.a 1l,szt,13,0,1,12,13,
461,O-K-114433204,"gliceryna bezwodna czda, 5l",szt,1,0,1,0,0,
462,O-K-113964200. 1000,alkohol etylowy 1l,szt,0,0,0,0,,
463,O-K-112344305_1l,"Chloroform, 1l",szt,1,0,0,1,1,
464,O-K-111372607,Amonu chlorek czda 1 kg,szt,0,2,2,0,0,
465,O-K-111349637_10,"woda amoniakalna 25% czda, 10l",szt,0,0,0,0,0,
466,O-K-111349637,Amoniak roztwór 25% 10l,szt,1,0,0,1,0,
467,O-K-111024800,Aceton cz.d.a. 1l,szt,1,0,1,0,0,
468,O-K-11009-25G- F,"L-Arginine, 25G, Sigma-Aldrich, 11009",szt,0,1,0,1,1,
469,O-K-1090139300 1,"GLYCOGEN, MB GRADE, Sigma-Aldrich",szt,1,0,1,0,1,
470,O-K-1088176700 1,"T7 RNA Polymerase, 1000U, 20U/uL, Roche, 10881767001",szt,0,1,1,0,0,
471,O-K-1087451500 1,"Bestatin, 10mg, Roche, 10874515001",szt,0,2,1,1,1,
472,O-K-1083371000,"D(+)-Glucose anhydrous for biochemistry, 1kg, SigmaAldrich, 1083371000",szt,0,2,2,0,0,
473,O-K-1040-250,"Rybonukleotydy, 4x250 ul",szt,0,0,0,0,,
474,O-K-1024-10,"OverLap Assembly, 10 reakcji",szt,0,0,0,0,,
475,O-K-1010294600 1,"AB( ethylobenzoline- sulphonic acid), Sigma-Aldrich, 10102946001",szt,0,0,0,0,,
476,O-K-1010-100,"Viscolase,100000U, A&A, 1010-100",szt,0,0,0,0,0,
477,O-K-1.817003DE,Gen PelB-His-Ppr,szt,0,0,0,0,,
478,O-K-1.12553.002 5,"Coomassie Brilliant blue R-250 for electrophoresis, 25g, Merck, 1.12553.0025",szt,0,1,0,1,0,
479,O-K-1.06717.1000,"Nickel (II) Chloride hexahydrate for analysis emsure ACS, 1kg, Merck, 1.06717.1000",szt,0,1,1,0,0,
480,O-K-1.03965.050 0,Iron (II) sulfate heptahydrate,szt,0,0,0,0,0,
481,O-K-1.03804.000 1,Dessicant sachet 10g silica gel with humidity indicator (orangegel) sachet,op,0,0,0,0,,
482,O-K-1.03773.101 0,"Benzonase endonuclease Safety Plus, 100,000 U, Merck, 1.03773.1010",szt,0,2,0,2,2,
483,O-K-1.02378.050 0,"wapnia chlorek, bezwodny 500g",szt,0,0,0,0,0,
484,O-K-1.01492.010 0,"L-Arabinose, 100g, Sigma-Aldrich, 1.01492.0100",szt,0,0,0,0,0,
485,O-K-1.00519.100 1,"Perchloric acid 70-72% for analysis EMSURE ACS,ISO, Reag Ph Eur",szt,0,0,0,0,0,
486,O-K-09913-100G,"Ammonium persulfate for MB, 100g, Sigma-Aldrich, 09913",szt,0,2,1,1,1,
487,O-K-0795883800 1,Polimeraza KAPA HiFi (100U),szt,0,0,0,0,,
488,O-K-03880-100M L,"Poly(ethyleneimine) solution, 100ml, Sigma-Aldrich, 03880-100ML",szt,0,1,1,0,0,
489,O-k0383-5mg,maleimide activated KLH,szt,0,0,0,0,0,
490,O-K-0125DM500,"Ekstrakt drożdzowy, 500g, GRASO, 0125DM500",szt,0,10,10,0,0,
491,"O-K- A7089,0100","DNA-ExitusPlus, 100ml, Applichem, A7089,0100",szt,0,1,1,0,0,
